{"cameraMode":{"drawMode":0,"name":"Shaded","section":"Shading Mode"},"sceneLighting":true,"audioPlay":false,"sceneViewState":{"showFog":true,"showMaterialUpdate":false,"showSkybox":true,"showFlares":true,"showImageEffects":true,"showParticleSystems":true},"in2DMode":false,"pivot":{"x":0.3913540840148926,"y":-0.36999958753585818,"z":0.6398547887802124},"rotation":{"x":-0.07291633635759354,"y":0.7693328261375427,"z":-0.08925698697566986,"w":-0.6283853650093079},"size":22.0,"orthographic":false}