{"cameraMode":{"drawMode":0,"name":"Shaded","section":"Shading Mode"},"sceneLighting":true,"audioPlay":false,"sceneViewState":{"showFog":true,"showMaterialUpdate":false,"showSkybox":true,"showFlares":true,"showImageEffects":true,"showParticleSystems":true},"in2DMode":false,"pivot":{"x":-5.242610454559326,"y":1.7985098361968995,"z":10.607754707336426},"rotation":{"x":-0.04733508825302124,"y":-0.6369714140892029,"z":0.039222352206707,"w":-0.7684763669967651},"size":-0.05715811252593994,"orthographic":false}